
-- Suri Basket database
-- ------------------------------------------------------------
-- Dit bestand zet de lokale MySQL database klaar voor de app.
--
-- Belangrijk voor het ERD:
-- - Eindgebruikers en admins staan in de tabel users.
-- - Wachtwoorden worden niet als gewone tekst opgeslagen, maar als password_hash.
-- - Aankopen of bewaarde inkoopregistraties staan in purchases.
-- - purchases is logisch wanneer een gebruiker echt iets koopt of
--   een afgeronde inkoop/inkoopgeschiedenis wil bewaren.
--
-- Hoofdtabellen:
-- - users: eindgebruikers en admins.
-- - purchases: aankopen of inkoopgeschiedenis van gebruikers.
-- - products: basisproducten zoals rijst, olie, zout en uien.
-- - product_variants: verpakkingen/varianten van producten.
-- - stores: winkels en publieke importeurs.
-- - prices: prijsmetingen per productvariant en winkel.
-- - importers: importeurs uit de publieke productenlijst.
-- - official_product_prices: publieke SRD Check prijsregels.
-- ------------------------------------------------------------

/*!40101 SET @OLD_CHARACTER_SET_CLIENT=@@CHARACTER_SET_CLIENT */;
/*!40101 SET @OLD_CHARACTER_SET_RESULTS=@@CHARACTER_SET_RESULTS */;
/*!40101 SET @OLD_COLLATION_CONNECTION=@@COLLATION_CONNECTION */;
/*!50503 SET NAMES utf8mb4 */;
/*!40103 SET @OLD_TIME_ZONE=@@TIME_ZONE */;
/*!40103 SET TIME_ZONE='+00:00' */;
/*!40014 SET @OLD_UNIQUE_CHECKS=@@UNIQUE_CHECKS, UNIQUE_CHECKS=0 */;
/*!40014 SET @OLD_FOREIGN_KEY_CHECKS=@@FOREIGN_KEY_CHECKS, FOREIGN_KEY_CHECKS=0 */;
/*!40101 SET @OLD_SQL_MODE=@@SQL_MODE, SQL_MODE='NO_AUTO_VALUE_ON_ZERO' */;
/*!40111 SET @OLD_SQL_NOTES=@@SQL_NOTES, SQL_NOTES=0 */;

CREATE DATABASE /*!32312 IF NOT EXISTS*/ `sranan_prijs_scanner` /*!40100 DEFAULT CHARACTER SET utf8mb4 COLLATE utf8mb4_0900_ai_ci */ /*!80016 DEFAULT ENCRYPTION='N' */;

USE `sranan_prijs_scanner`;
DROP TABLE IF EXISTS `importers`;
/*!40101 SET @saved_cs_client     = @@character_set_client */;
/*!50503 SET character_set_client = utf8mb4 */;
CREATE TABLE `importers` (
  `importer_id` int NOT NULL AUTO_INCREMENT,
  `importer_name` varchar(150) NOT NULL,
  `created_at` timestamp NULL DEFAULT CURRENT_TIMESTAMP,
  PRIMARY KEY (`importer_id`),
  UNIQUE KEY `importer_name` (`importer_name`)
) ENGINE=InnoDB AUTO_INCREMENT=111 DEFAULT CHARSET=utf8mb4 COLLATE=utf8mb4_0900_ai_ci;
/*!40101 SET character_set_client = @saved_cs_client */;

LOCK TABLES `importers` WRITE;
/*!40000 ALTER TABLE `importers` DISABLE KEYS */;
INSERT INTO `importers` (`importer_id`, `importer_name`, `created_at`) VALUES (1,'NV Dam','2026-05-02 03:20:54'),(2,'Simi Trading','2026-05-02 03:20:54'),(8,'Subisco International NV','2026-05-02 03:20:54'),(9,'NV Dam Import & Export','2026-05-02 03:20:54'),(10,'Combe markt','2026-05-02 03:20:54'),(13,'Best Food Supply NV','2026-05-02 03:20:54'),(23,'Carimega NV','2026-05-02 03:20:54'),(25,'B.Chotelal NV','2026-05-02 03:20:54'),(50,'B. Bisheshar NV','2026-05-02 03:20:54'),(52,'Sharen-Trading','2026-05-02 03:20:54'),(53,'B.Bisheshar NV','2026-05-02 03:20:54'),(54,'Simpex International NV','2026-05-02 03:20:54'),(56,'Prabo Inklaringen','2026-05-02 03:20:54'),(58,'Mini Stepper NV','2026-05-02 03:20:54'),(60,'MN International NV','2026-05-02 03:20:54'),(63,'B.Bisheshar','2026-05-02 03:20:54'),(64,'Saf Trade NV','2026-05-02 03:20:54'),(65,'NV Dam Import en Export','2026-05-02 03:20:54'),(78,'B. Chotelal NV','2026-05-02 03:20:54'),(79,'Sosar Express NV','2026-05-02 03:20:54'),(84,'HJ de Vries Engros NV','2026-05-02 03:20:54'),(90,'Gao Ming NV','2026-05-02 03:20:54'),(91,'Ziran Import','2026-05-02 03:20:54'),(92,'Avam Agencies NV','2026-05-02 03:20:54');
/*!40000 ALTER TABLE `importers` ENABLE KEYS */;
UNLOCK TABLES;
DROP TABLE IF EXISTS `official_product_prices`;
/*!40101 SET @saved_cs_client     = @@character_set_client */;
/*!50503 SET character_set_client = utf8mb4 */;
CREATE TABLE `official_product_prices` (
  `official_price_id` int NOT NULL AUTO_INCREMENT,
  `source_name` varchar(150) NOT NULL,
  `source_url` varchar(255) NOT NULL,
  `source_row_number` int NOT NULL,
  `product_name` varchar(150) NOT NULL,
  `category` varchar(80) DEFAULT NULL,
  `importer_id` int NOT NULL,
  `wholesale_package` varchar(120) DEFAULT NULL,
  `wholesale_price` decimal(10,2) DEFAULT NULL,
  `retail_package` varchar(120) DEFAULT NULL,
  `retail_price` decimal(10,2) DEFAULT NULL,
  `imported_at` timestamp NULL DEFAULT CURRENT_TIMESTAMP,
  PRIMARY KEY (`official_price_id`),
  UNIQUE KEY `unique_source_row` (`source_name`,`source_row_number`),
  KEY `idx_official_product_name` (`product_name`),
  KEY `idx_official_category` (`category`),
  KEY `fk_official_importer` (`importer_id`),
  CONSTRAINT `fk_official_importer` FOREIGN KEY (`importer_id`) REFERENCES `importers` (`importer_id`)
) ENGINE=InnoDB AUTO_INCREMENT=111 DEFAULT CHARSET=utf8mb4 COLLATE=utf8mb4_0900_ai_ci;
/*!40101 SET character_set_client = @saved_cs_client */;

LOCK TABLES `official_product_prices` WRITE;
/*!40000 ALTER TABLE `official_product_prices` DISABLE KEYS */;
INSERT INTO `official_product_prices` (`official_price_id`, `source_name`, `source_url`, `source_row_number`, `product_name`, `category`, `importer_id`, `wholesale_package`, `wholesale_price`, `retail_package`, `retail_price`, `imported_at`) VALUES (1,'Publieke SRD Check productenlijst','https://ez.gov.sr/index.php?r=product%2Findex',1,'Aardappelen','Groente',1,'per zak @25 KG',451.00,'Per kg',22.55,'2026-05-02 03:20:54'),(2,'Publieke SRD Check productenlijst','https://ez.gov.sr/index.php?r=product%2Findex',2,'Aardappelen','Groente',2,'per zak @25 KG',404.00,'Per kg',20.20,'2026-05-02 03:20:54'),(8,'Publieke SRD Check productenlijst','https://ez.gov.sr/index.php?r=product%2Findex',8,'Bruine bonen: merk Annabel','Peulvruchten',8,'per karton @12 potten',854.40,'per pot @ 720ml',89.00,'2026-05-02 03:20:54'),(9,'Publieke SRD Check productenlijst','https://ez.gov.sr/index.php?r=product%2Findex',9,'Witte bonen: merk Coroos (in tomatensaus)','Peulvruchten',9,'per karton @12 blikken',744.48,'per blik @ 850ml',77.55,'2026-05-02 03:20:54'),(10,'Publieke SRD Check productenlijst','https://ez.gov.sr/index.php?r=product%2Findex',10,'Witte suiker','Basisproducten',10,'per zak @50 KG',1440.00,'Per kg',36.00,'2026-05-02 03:20:54'),(11,'Publieke SRD Check productenlijst','https://ez.gov.sr/index.php?r=product%2Findex',11,'Witte suiker','Basisproducten',9,'per zak @25 kg',755.00,'Per kg',37.75,'2026-05-02 03:20:54'),(12,'Publieke SRD Check productenlijst','https://ez.gov.sr/index.php?r=product%2Findex',12,'Gele erwten','Peulvruchten',9,'per zak @22.7 kg',780.88,'Per kg',43.00,'2026-05-02 03:20:54'),(13,'Publieke SRD Check productenlijst','https://ez.gov.sr/index.php?r=product%2Findex',13,'Gele erwten','Peulvruchten',13,'per zak @22.7 kg',1203.00,'Per kg',60.15,'2026-05-02 03:20:54'),(14,'Publieke SRD Check productenlijst','https://ez.gov.sr/index.php?r=product%2Findex',14,'Groene erwten','Peulvruchten',10,'per zak @22.7 kg',1095.96,'Per kg',60.35,'2026-05-02 03:20:54'),(19,'Publieke SRD Check productenlijst','https://ez.gov.sr/index.php?r=product%2Findex',19,'Sardien tomatensaus: merk excellence','Conserven',8,'per karton @50 blikken',862.00,'per blik @ 155 gr',21.55,'2026-05-02 03:20:54'),(20,'Publieke SRD Check productenlijst','https://ez.gov.sr/index.php?r=product%2Findex',20,'Sardien tomatensaus: merk excellence','Conserven',8,'per karton @24 blikken',1417.92,'per blik @ 425gr',73.85,'2026-05-02 03:20:54'),(21,'Publieke SRD Check productenlijst','https://ez.gov.sr/index.php?r=product%2Findex',21,'Sardien in veg. olie: merk Nixe','Olie',10,'per karton @50 blikken',436.00,'per blik @ 125 gr',10.90,'2026-05-02 03:20:54'),(22,'Publieke SRD Check productenlijst','https://ez.gov.sr/index.php?r=product%2Findex',22,'Thee: merk Breakfast','Dranken',8,'per karton @24 pakken',561.60,'per pak @ 20 zakjes @2 gr',29.25,'2026-05-02 03:20:54'),(23,'Publieke SRD Check productenlijst','https://ez.gov.sr/index.php?r=product%2Findex',23,'Thee: merk Jumbo Sinaasappel','Dranken',23,'per karton @12 pakken',366.72,'per pak @ 20 zakjes',38.20,'2026-05-02 03:20:54'),(24,'Publieke SRD Check productenlijst','https://ez.gov.sr/index.php?r=product%2Findex',24,'Uien (rood)','Groente',9,'per zak @10 KG',247.60,'Per kg',30.95,'2026-05-02 03:20:54'),(25,'Publieke SRD Check productenlijst','https://ez.gov.sr/index.php?r=product%2Findex',25,'Uien (geel)','Groente',25,'per zak @25 KG',647.00,'Per kg',32.35,'2026-05-02 03:20:54'),(26,'Publieke SRD Check productenlijst','https://ez.gov.sr/index.php?r=product%2Findex',26,'Uien (geel)','Groente',9,'per zak @25 KG',240.00,'Per kg',30.00,'2026-05-02 03:20:54'),(44,'Publieke SRD Check productenlijst','https://ez.gov.sr/index.php?r=product%2Findex',44,'Zonnebloem olie: merk Bonlife','Olie',10,'per karton @ 15 flessen',969.00,'per fles @ 800 ml',80.75,'2026-05-02 03:20:54'),(45,'Publieke SRD Check productenlijst','https://ez.gov.sr/index.php?r=product%2Findex',45,'Zonnebloem olie: merk Bonlife','Olie',10,'per karton @ 18 flessen',933.12,'per fles @ 700 ml',64.80,'2026-05-02 03:20:54'),(46,'Publieke SRD Check productenlijst','https://ez.gov.sr/index.php?r=product%2Findex',46,'Zonnebloem olie: merk VIP','Olie',9,'per karton @ 20 flessen',1513.60,'per fles @ 900 ml',94.60,'2026-05-02 03:20:54'),(47,'Publieke SRD Check productenlijst','https://ez.gov.sr/index.php?r=product%2Findex',47,'Zonnebloem olie: merk VIP','Olie',9,'per karton @ 15 flessen',1116.00,'per fles @ 900 ml',93.00,'2026-05-02 03:20:54'),(48,'Publieke SRD Check productenlijst','https://ez.gov.sr/index.php?r=product%2Findex',48,'Zonnebloem olie: merk Kernel','Olie',9,'per karton @ 15 flessen',1116.00,'per fles @ 900 ml',93.00,'2026-05-02 03:20:54'),(49,'Publieke SRD Check productenlijst','https://ez.gov.sr/index.php?r=product%2Findex',49,'Zonnebloem olie: merk Le Blanc','Olie',9,'per karton @ 15 flessen',1054.20,'per fles @ 850 ml',87.85,'2026-05-02 03:20:54'),(50,'Publieke SRD Check productenlijst','https://ez.gov.sr/index.php?r=product%2Findex',50,'Zonnebloem olie: merk Elburg','Olie',50,'per karton @ 15 flessen',939.60,'per fles @ 850 ml',78.30,'2026-05-02 03:20:54'),(51,'Publieke SRD Check productenlijst','https://ez.gov.sr/index.php?r=product%2Findex',51,'Zonnebloem olie: merk Coroli','Olie',9,'per karton @ 15 flessen',1152.00,'per fles @ 815 ml',96.00,'2026-05-02 03:20:54'),(52,'Publieke SRD Check productenlijst','https://ez.gov.sr/index.php?r=product%2Findex',52,'Zonnebloem olie: merk Oliya','Olie',52,'per karton @ 12 flessen',898.56,'per fles @ 900 ml',93.60,'2026-05-02 03:20:54'),(53,'Publieke SRD Check productenlijst','https://ez.gov.sr/index.php?r=product%2Findex',53,'Knoflook','Groente',53,'Per zak 10 kg',647.20,'Per kg',80.90,'2026-05-02 03:20:54'),(54,'Publieke SRD Check productenlijst','https://ez.gov.sr/index.php?r=product%2Findex',54,'Zonnebloem olie: merk Familiar','Olie',54,'per karton @ 12 flessen',922.56,'per fles @ 900 ml',96.10,'2026-05-02 03:20:54'),(55,'Publieke SRD Check productenlijst','https://ez.gov.sr/index.php?r=product%2Findex',55,'Zonnebloem olie: merk Oleina','Olie',54,'per karton @ 15 flessen',1137.00,'per fles @ 900 ml',94.75,'2026-05-02 03:20:54'),(56,'Publieke SRD Check productenlijst','https://ez.gov.sr/index.php?r=product%2Findex',56,'Zonnebloem olie: merk Fryday\'s','Olie',56,'per karton @ 15 flessen',606.60,'per fles @ 900 ml',50.55,'2026-05-02 03:20:54'),(57,'Publieke SRD Check productenlijst','https://ez.gov.sr/index.php?r=product%2Findex',57,'Zonnebloem olie: merk Sunflower','Olie',2,'per karton @ 15 flessen',1198.80,'per fles @ 870 ml',99.90,'2026-05-02 03:20:54'),(58,'Publieke SRD Check productenlijst','https://ez.gov.sr/index.php?r=product%2Findex',58,'Zonnebloem olie: merk Sor','Olie',58,'per karton @ 20 flessen',738.40,'per fles @ 825 ml',46.15,'2026-05-02 03:20:54'),(59,'Publieke SRD Check productenlijst','https://ez.gov.sr/index.php?r=product%2Findex',59,'Zonnebloem olie: merk Oilio','Olie',8,'per karton @ 15 flessen',1329.00,'per fles @ 900 ml',110.75,'2026-05-02 03:20:54'),(60,'Publieke SRD Check productenlijst','https://ez.gov.sr/index.php?r=product%2Findex',60,'Zonnebloem olie: merk Manoli','Olie',60,'per karton @ 12 flessen',695.04,'per fles @ 700 ml',72.40,'2026-05-02 03:20:54'),(61,'Publieke SRD Check productenlijst','https://ez.gov.sr/index.php?r=product%2Findex',61,'Soja olie: merk Habibi','Olie',10,'per karton @ 12 flessen',891.84,'per fles @ 1 l',92.90,'2026-05-02 03:20:54'),(62,'Publieke SRD Check productenlijst','https://ez.gov.sr/index.php?r=product%2Findex',62,'Soja olie: merk Habibi','Olie',13,'per karton @ 12 flessen',1083.84,'per fles @ 1 l',112.90,'2026-05-02 03:20:54'),(63,'Publieke SRD Check productenlijst','https://ez.gov.sr/index.php?r=product%2Findex',63,'Soja olie: merk Unoli','Olie',63,'per karton @ 12 flessen',773.76,'per fles @ 1 l',80.60,'2026-05-02 03:20:54'),(64,'Publieke SRD Check productenlijst','https://ez.gov.sr/index.php?r=product%2Findex',64,'Soja olie: merk Soya','Olie',64,'per karton@ 20 fl',1177.60,'per fles @ 900ml',73.60,'2026-05-02 03:20:54'),(65,'Publieke SRD Check productenlijst','https://ez.gov.sr/index.php?r=product%2Findex',65,'Soja olie: merk Primor','Olie',65,'per karton@ 20 fl',1236.80,'per fles @ 900ml',77.30,'2026-05-02 03:20:54'),(66,'Publieke SRD Check productenlijst','https://ez.gov.sr/index.php?r=product%2Findex',66,'Soja olie: merk Salad Special','Olie',65,'per karton@ 20 fl',1237.60,'per fles @ 900ml',77.35,'2026-05-02 03:20:54'),(67,'Publieke SRD Check productenlijst','https://ez.gov.sr/index.php?r=product%2Findex',67,'Witte suiker','Basisproducten',13,'per zak @50 KG',1514.00,'Per kg',37.85,'2026-05-02 03:20:54'),(68,'Publieke SRD Check productenlijst','https://ez.gov.sr/index.php?r=product%2Findex',68,'Zout','Basisproducten',65,'per zak @25 kg',346.00,'Per kg',17.30,'2026-05-02 03:20:54'),(69,'Publieke SRD Check productenlijst','https://ez.gov.sr/index.php?r=product%2Findex',69,'Zout','Basisproducten',25,'per zak @25 kg',633.00,'Per kg',31.65,'2026-05-02 03:20:54'),(70,'Publieke SRD Check productenlijst','https://ez.gov.sr/index.php?r=product%2Findex',70,'Zout','Basisproducten',8,'per zak @25 kg',342.00,'Per kg',17.10,'2026-05-02 03:20:54'),(71,'Publieke SRD Check productenlijst','https://ez.gov.sr/index.php?r=product%2Findex',71,'Zout','Basisproducten',10,'per zak @25 kg',355.00,'Per kg',17.75,'2026-05-02 03:20:54'),(72,'Publieke SRD Check productenlijst','https://ez.gov.sr/index.php?r=product%2Findex',72,'Soja olie: merk Unoli','Olie',63,'per karton @ 20 flessen',1152.00,'per fles @ 900 ml',72.00,'2026-05-02 03:20:54'),(73,'Publieke SRD Check productenlijst','https://ez.gov.sr/index.php?r=product%2Findex',73,'Sardien in tomatensaus: merk VIP','Conserven',9,'per karton @ 24 blikken',1177.92,'per blik @ 425 gr',61.35,'2026-05-02 03:20:54'),(75,'Publieke SRD Check productenlijst','https://ez.gov.sr/index.php?r=product%2Findex',75,'Sardien in veg. olie: merk VIP','Olie',9,'per karton @50 blikken',1052.00,'per blik @ 125gr',26.30,'2026-05-02 03:20:54'),(78,'Publieke SRD Check productenlijst','https://ez.gov.sr/index.php?r=product%2Findex',78,'Zonnebloem olie: merk Aoil','Olie',78,'per karton @ 15 flessen',1159.80,'per fles @ 850 ml',96.65,'2026-05-02 03:20:54'),(79,'Publieke SRD Check productenlijst','https://ez.gov.sr/index.php?r=product%2Findex',79,'Zonnebloem olie: Klas','Olie',79,'per karton @ 15 flessen',745.20,'per fles @ 1 l',62.10,'2026-05-02 03:20:54'),(80,'Publieke SRD Check productenlijst','https://ez.gov.sr/index.php?r=product%2Findex',80,'Bruine bonen: merk VIP','Peulvruchten',9,'per karton @ 12 blikken',574.56,'per blik @ 800 ml',59.85,'2026-05-02 03:20:54'),(81,'Publieke SRD Check productenlijst','https://ez.gov.sr/index.php?r=product%2Findex',81,'Soja olie: merk Siglo De Oro','Olie',54,'per karton@ 20 fl',1447.20,'per fles @ 900ml',90.45,'2026-05-02 03:20:54'),(82,'Publieke SRD Check productenlijst','https://ez.gov.sr/index.php?r=product%2Findex',82,'Uien (geel)','Groente',53,'per zak @ 25kg',556.00,'Per kg',27.80,'2026-05-02 03:20:54'),(83,'Publieke SRD Check productenlijst','https://ez.gov.sr/index.php?r=product%2Findex',83,'Zonnebloem olie: Allnature\'s','Olie',10,'per karton @ 15 flessen',1044.00,'per fles @ 900 ml',87.00,'2026-05-02 03:20:54'),(84,'Publieke SRD Check productenlijst','https://ez.gov.sr/index.php?r=product%2Findex',84,'Zonnebloem olie: merk Yonca','Olie',84,'per karton @ 20 flessen',1108.00,'per fles @ 750 ml',69.25,'2026-05-02 03:20:54'),(85,'Publieke SRD Check productenlijst','https://ez.gov.sr/index.php?r=product%2Findex',85,'Sardien in tomatensaus: merk VIP','Conserven',9,'per karton @50 blikken',708.00,'per blik @ 155gr',17.70,'2026-05-02 03:20:54'),(87,'Publieke SRD Check productenlijst','https://ez.gov.sr/index.php?r=product%2Findex',87,'Soja olie: merk Elburg','Olie',63,'per karton @ 12 flessen',939.36,'per fles @ 1 l',97.85,'2026-05-02 03:20:54'),(88,'Publieke SRD Check productenlijst','https://ez.gov.sr/index.php?r=product%2Findex',88,'Soja olie: merk Cocamar','Olie',79,'per karton @ 20 flessen',995.20,'per fles @ 900 ml',62.20,'2026-05-02 03:20:54'),(89,'Publieke SRD Check productenlijst','https://ez.gov.sr/index.php?r=product%2Findex',89,'Zonnebloem olie: merk VIP','Olie',9,'per karton @ 20 flessen',1513.60,'per fles @ 900 ml',94.60,'2026-05-02 03:20:54'),(90,'Publieke SRD Check productenlijst','https://ez.gov.sr/index.php?r=product%2Findex',90,'Zonnebloem olie: merk Zer','Olie',90,'per karton @ 20 flessen',993.60,'per fles @ 825 ml',62.10,'2026-05-02 03:20:54'),(91,'Publieke SRD Check productenlijst','https://ez.gov.sr/index.php?r=product%2Findex',91,'Zonnebloemolie: merk Oxxo','Olie',91,'per karton @ 12 flessen',711.84,'per fles @ 900 ml',74.14,'2026-05-02 03:20:54'),(92,'Publieke SRD Check productenlijst','https://ez.gov.sr/index.php?r=product%2Findex',92,'Soja olie: merk Golden Fields','Olie',92,'per karton @ 12 flessen',443.52,'per fles @ 900 ml',46.20,'2026-05-02 03:20:54'),(93,'Publieke SRD Check productenlijst','https://ez.gov.sr/index.php?r=product%2Findex',93,'Soja olie: merk Oxxo','Olie',91,'per karton @ 12 flessen',711.84,'per fles @ 900 ml',74.14,'2026-05-02 03:20:54'),(94,'Publieke SRD Check productenlijst','https://ez.gov.sr/index.php?r=product%2Findex',94,'Groene erwten','Peulvruchten',9,'per zak @22.7 kg',956.12,'Per kg',52.65,'2026-05-02 03:20:54'),(96,'Publieke SRD Check productenlijst','https://ez.gov.sr/index.php?r=product%2Findex',96,'Uien (rood)','Groente',50,'Per zak 10 kg',250.80,'Per kg',31.35,'2026-05-02 03:20:54'),(98,'Publieke SRD Check productenlijst','https://ez.gov.sr/index.php?r=product%2Findex',98,'Zonnebloem olie: Shimmie','Olie',79,'per karton @ 12 flessen',649.44,'per fles @ 850 ml',67.65,'2026-05-02 03:20:54'),(99,'Publieke SRD Check productenlijst','https://ez.gov.sr/index.php?r=product%2Findex',99,'Zonnebloem olie: Shimmie','Olie',79,'per karton @ 15 flessen',883.20,'per fles @ 1 l',73.60,'2026-05-02 03:20:54'),(100,'Publieke SRD Check productenlijst','https://ez.gov.sr/index.php?r=product%2Findex',100,'Gist: merk Pakmaya (instand dry yeast)','Basisproducten',8,'per karton @ 20 pakken',1902.40,'per pak @ 500 gr',118.90,'2026-05-02 03:20:54'),(101,'Publieke SRD Check productenlijst','https://ez.gov.sr/index.php?r=product%2Findex',101,'Thee: merk Kings Garden','Dranken',64,'per karton @ 24 pakken',692.16,'per pak @ 20 zakjes',36.05,'2026-05-02 03:20:54'),(102,'Publieke SRD Check productenlijst','https://ez.gov.sr/index.php?r=product%2Findex',102,'Uien (rood)','Groente',91,'per zak @ 10 kg',236.00,'Per kg',29.50,'2026-05-02 03:20:54'),(103,'Publieke SRD Check productenlijst','https://ez.gov.sr/index.php?r=product%2Findex',103,'Uien (rood)','Groente',13,'per zak @ 10 kg',254.40,'Per kg',31.80,'2026-05-02 03:20:54'),(104,'Publieke SRD Check productenlijst','https://ez.gov.sr/index.php?r=product%2Findex',104,'Aardappelen','Groente',13,'per zak @25 KG',436.00,'Per kg',21.80,'2026-05-02 03:20:54'),(106,'Publieke SRD Check productenlijst','https://ez.gov.sr/index.php?r=product%2Findex',106,'Knoflook','Groente',1,'per zak @ 10 kg',702.00,'Per kg',87.75,'2026-05-02 03:20:54'),(107,'Publieke SRD Check productenlijst','https://ez.gov.sr/index.php?r=product%2Findex',107,'zonnebloemolie: merk Oleovita','Olie',25,'per karton @ 15 flessen',1251.60,'per fles @880 ml',104.30,'2026-05-02 03:20:54'),(108,'Publieke SRD Check productenlijst','https://ez.gov.sr/index.php?r=product%2Findex',108,'Aardappelen','Groente',91,'per zak @ 25 kg',381.00,'per kg',19.05,'2026-05-02 03:20:54'),(109,'Publieke SRD Check productenlijst','https://ez.gov.sr/index.php?r=product%2Findex',109,'Bruine bonen: merk Coroos','Peulvruchten',9,'per karton @ 12 blikken',667.68,'per blik @ 850 ml',69.55,'2026-05-02 03:20:54'),(110,'Publieke SRD Check productenlijst','https://ez.gov.sr/index.php?r=product%2Findex',110,'Uien (geel)','Groente',13,'per zak @ 25 kg',560.00,'per kg',28.00,'2026-05-02 03:20:54');
/*!40000 ALTER TABLE `official_product_prices` ENABLE KEYS */;
UNLOCK TABLES;
DROP TABLE IF EXISTS `prices`;
/*!40101 SET @saved_cs_client     = @@character_set_client */;
/*!50503 SET character_set_client = utf8mb4 */;
CREATE TABLE `prices` (
  `price_id` int NOT NULL AUTO_INCREMENT,
  `variant_id` int NOT NULL,
  `store_id` int NOT NULL,
  `price` decimal(10,2) NOT NULL,
  `date_checked` date NOT NULL,
  `source_type` varchar(50) DEFAULT NULL,
  `source_row_number` int DEFAULT NULL,
  `source_url` varchar(255) DEFAULT NULL,
  PRIMARY KEY (`price_id`),
  KEY `variant_id` (`variant_id`),
  KEY `store_id` (`store_id`),
  CONSTRAINT `prices_ibfk_1` FOREIGN KEY (`variant_id`) REFERENCES `product_variants` (`variant_id`),
  CONSTRAINT `prices_ibfk_2` FOREIGN KEY (`store_id`) REFERENCES `stores` (`store_id`)
) ENGINE=InnoDB AUTO_INCREMENT=257 DEFAULT CHARSET=utf8mb4 COLLATE=utf8mb4_0900_ai_ci;
/*!40101 SET character_set_client = @saved_cs_client */;

LOCK TABLES `prices` WRITE;
/*!40000 ALTER TABLE `prices` DISABLE KEYS */;
INSERT INTO `prices` (`price_id`, `variant_id`, `store_id`, `price`, `date_checked`, `source_type`, `source_row_number`, `source_url`) VALUES (1,1,1,35.00,'2026-05-01',NULL,NULL,NULL),(2,1,2,38.00,'2026-05-01',NULL,NULL,NULL),(3,1,3,36.50,'2026-05-01',NULL,NULL,NULL),(4,2,1,42.00,'2026-05-01',NULL,NULL,NULL),(5,2,2,40.00,'2026-05-01',NULL,NULL,NULL),(6,2,3,41.50,'2026-05-01',NULL,NULL,NULL),(7,7,1,68.00,'2026-05-01',NULL,NULL,NULL),(8,7,2,65.00,'2026-05-01',NULL,NULL,NULL),(9,7,3,70.00,'2026-05-01',NULL,NULL,NULL),(10,13,1,175.00,'2026-05-01',NULL,NULL,NULL),(11,13,2,168.00,'2026-05-01',NULL,NULL,NULL),(12,13,3,172.00,'2026-05-01',NULL,NULL,NULL),(13,14,1,335.00,'2026-05-01',NULL,NULL,NULL),(14,14,2,320.00,'2026-05-01',NULL,NULL,NULL),(15,14,3,330.00,'2026-05-01',NULL,NULL,NULL),(180,140,30,22.55,'2026-05-13','public_product_list',1,'https://ez.gov.sr/index.php?r=product%2Findex'),(181,140,5,20.20,'2026-05-13','public_product_list',2,'https://ez.gov.sr/index.php?r=product%2Findex'),(182,84,8,89.00,'2026-05-13','public_product_list',8,'https://ez.gov.sr/index.php?r=product%2Findex'),(183,85,9,77.55,'2026-05-13','public_product_list',9,'https://ez.gov.sr/index.php?r=product%2Findex'),(184,86,10,36.00,'2026-05-13','public_product_list',10,'https://ez.gov.sr/index.php?r=product%2Findex'),(185,86,9,37.75,'2026-05-13','public_product_list',11,'https://ez.gov.sr/index.php?r=product%2Findex'),(186,87,9,43.00,'2026-05-13','public_product_list',12,'https://ez.gov.sr/index.php?r=product%2Findex'),(187,87,11,60.15,'2026-05-13','public_product_list',13,'https://ez.gov.sr/index.php?r=product%2Findex'),(188,88,10,60.35,'2026-05-13','public_product_list',14,'https://ez.gov.sr/index.php?r=product%2Findex'),(189,89,8,21.55,'2026-05-13','public_product_list',19,'https://ez.gov.sr/index.php?r=product%2Findex'),(190,90,8,73.85,'2026-05-13','public_product_list',20,'https://ez.gov.sr/index.php?r=product%2Findex'),(191,91,10,10.90,'2026-05-13','public_product_list',21,'https://ez.gov.sr/index.php?r=product%2Findex'),(192,92,8,29.25,'2026-05-13','public_product_list',22,'https://ez.gov.sr/index.php?r=product%2Findex'),(193,93,12,38.20,'2026-05-13','public_product_list',23,'https://ez.gov.sr/index.php?r=product%2Findex'),(194,94,9,30.95,'2026-05-13','public_product_list',24,'https://ez.gov.sr/index.php?r=product%2Findex'),(195,95,13,32.35,'2026-05-13','public_product_list',25,'https://ez.gov.sr/index.php?r=product%2Findex'),(196,95,9,30.00,'2026-05-13','public_product_list',26,'https://ez.gov.sr/index.php?r=product%2Findex'),(197,96,10,80.75,'2026-05-13','public_product_list',44,'https://ez.gov.sr/index.php?r=product%2Findex'),(198,97,10,64.80,'2026-05-13','public_product_list',45,'https://ez.gov.sr/index.php?r=product%2Findex'),(199,98,9,94.60,'2026-05-13','public_product_list',46,'https://ez.gov.sr/index.php?r=product%2Findex'),(200,98,9,93.00,'2026-05-13','public_product_list',47,'https://ez.gov.sr/index.php?r=product%2Findex'),(201,99,9,93.00,'2026-05-13','public_product_list',48,'https://ez.gov.sr/index.php?r=product%2Findex'),(202,100,9,87.85,'2026-05-13','public_product_list',49,'https://ez.gov.sr/index.php?r=product%2Findex'),(203,101,14,78.30,'2026-05-13','public_product_list',50,'https://ez.gov.sr/index.php?r=product%2Findex'),(204,102,9,96.00,'2026-05-13','public_product_list',51,'https://ez.gov.sr/index.php?r=product%2Findex'),(205,103,15,93.60,'2026-05-13','public_product_list',52,'https://ez.gov.sr/index.php?r=product%2Findex'),(206,141,16,80.90,'2026-05-13','public_product_list',53,'https://ez.gov.sr/index.php?r=product%2Findex'),(207,105,17,96.10,'2026-05-13','public_product_list',54,'https://ez.gov.sr/index.php?r=product%2Findex'),(208,106,17,94.75,'2026-05-13','public_product_list',55,'https://ez.gov.sr/index.php?r=product%2Findex'),(209,107,18,50.55,'2026-05-13','public_product_list',56,'https://ez.gov.sr/index.php?r=product%2Findex'),(210,108,5,99.90,'2026-05-13','public_product_list',57,'https://ez.gov.sr/index.php?r=product%2Findex'),(211,109,19,46.15,'2026-05-13','public_product_list',58,'https://ez.gov.sr/index.php?r=product%2Findex'),(212,110,8,110.75,'2026-05-13','public_product_list',59,'https://ez.gov.sr/index.php?r=product%2Findex'),(213,111,20,72.40,'2026-05-13','public_product_list',60,'https://ez.gov.sr/index.php?r=product%2Findex'),(214,112,10,92.90,'2026-05-13','public_product_list',61,'https://ez.gov.sr/index.php?r=product%2Findex'),(215,112,11,112.90,'2026-05-13','public_product_list',62,'https://ez.gov.sr/index.php?r=product%2Findex'),(216,113,21,80.60,'2026-05-13','public_product_list',63,'https://ez.gov.sr/index.php?r=product%2Findex'),(217,114,22,73.60,'2026-05-13','public_product_list',64,'https://ez.gov.sr/index.php?r=product%2Findex'),(218,115,23,77.30,'2026-05-13','public_product_list',65,'https://ez.gov.sr/index.php?r=product%2Findex'),(219,116,23,77.35,'2026-05-13','public_product_list',66,'https://ez.gov.sr/index.php?r=product%2Findex'),(220,86,11,37.85,'2026-05-13','public_product_list',67,'https://ez.gov.sr/index.php?r=product%2Findex'),(221,142,23,17.30,'2026-05-13','public_product_list',68,'https://ez.gov.sr/index.php?r=product%2Findex'),(222,142,13,31.65,'2026-05-13','public_product_list',69,'https://ez.gov.sr/index.php?r=product%2Findex'),(223,142,8,17.10,'2026-05-13','public_product_list',70,'https://ez.gov.sr/index.php?r=product%2Findex'),(224,142,10,17.75,'2026-05-13','public_product_list',71,'https://ez.gov.sr/index.php?r=product%2Findex'),(225,118,21,72.00,'2026-05-13','public_product_list',72,'https://ez.gov.sr/index.php?r=product%2Findex'),(226,119,9,61.35,'2026-05-13','public_product_list',73,'https://ez.gov.sr/index.php?r=product%2Findex'),(227,120,9,26.30,'2026-05-13','public_product_list',75,'https://ez.gov.sr/index.php?r=product%2Findex'),(228,121,24,96.65,'2026-05-13','public_product_list',78,'https://ez.gov.sr/index.php?r=product%2Findex'),(229,122,25,62.10,'2026-05-13','public_product_list',79,'https://ez.gov.sr/index.php?r=product%2Findex'),(230,123,9,59.85,'2026-05-13','public_product_list',80,'https://ez.gov.sr/index.php?r=product%2Findex'),(231,124,17,90.45,'2026-05-13','public_product_list',81,'https://ez.gov.sr/index.php?r=product%2Findex'),(232,95,16,27.80,'2026-05-13','public_product_list',82,'https://ez.gov.sr/index.php?r=product%2Findex'),(233,125,10,87.00,'2026-05-13','public_product_list',83,'https://ez.gov.sr/index.php?r=product%2Findex'),(234,126,26,69.25,'2026-05-13','public_product_list',84,'https://ez.gov.sr/index.php?r=product%2Findex'),(235,127,9,17.70,'2026-05-13','public_product_list',85,'https://ez.gov.sr/index.php?r=product%2Findex'),(236,128,21,97.85,'2026-05-13','public_product_list',87,'https://ez.gov.sr/index.php?r=product%2Findex'),(237,129,25,62.20,'2026-05-13','public_product_list',88,'https://ez.gov.sr/index.php?r=product%2Findex'),(238,98,9,94.60,'2026-05-13','public_product_list',89,'https://ez.gov.sr/index.php?r=product%2Findex'),(239,130,27,62.10,'2026-05-13','public_product_list',90,'https://ez.gov.sr/index.php?r=product%2Findex'),(240,131,28,74.14,'2026-05-13','public_product_list',91,'https://ez.gov.sr/index.php?r=product%2Findex'),(241,132,29,46.20,'2026-05-13','public_product_list',92,'https://ez.gov.sr/index.php?r=product%2Findex'),(242,133,28,74.14,'2026-05-13','public_product_list',93,'https://ez.gov.sr/index.php?r=product%2Findex'),(243,88,9,52.65,'2026-05-13','public_product_list',94,'https://ez.gov.sr/index.php?r=product%2Findex'),(244,94,14,31.35,'2026-05-13','public_product_list',96,'https://ez.gov.sr/index.php?r=product%2Findex'),(245,134,25,67.65,'2026-05-13','public_product_list',98,'https://ez.gov.sr/index.php?r=product%2Findex'),(246,135,25,73.60,'2026-05-13','public_product_list',99,'https://ez.gov.sr/index.php?r=product%2Findex'),(247,136,8,118.90,'2026-05-13','public_product_list',100,'https://ez.gov.sr/index.php?r=product%2Findex'),(248,137,22,36.05,'2026-05-13','public_product_list',101,'https://ez.gov.sr/index.php?r=product%2Findex'),(249,94,28,29.50,'2026-05-13','public_product_list',102,'https://ez.gov.sr/index.php?r=product%2Findex'),(250,94,11,31.80,'2026-05-13','public_product_list',103,'https://ez.gov.sr/index.php?r=product%2Findex'),(251,140,11,21.80,'2026-05-13','public_product_list',104,'https://ez.gov.sr/index.php?r=product%2Findex'),(252,141,30,87.75,'2026-05-13','public_product_list',106,'https://ez.gov.sr/index.php?r=product%2Findex'),(253,138,13,104.30,'2026-05-13','public_product_list',107,'https://ez.gov.sr/index.php?r=product%2Findex'),(254,140,28,19.05,'2026-05-13','public_product_list',108,'https://ez.gov.sr/index.php?r=product%2Findex'),(255,139,9,69.55,'2026-05-13','public_product_list',109,'https://ez.gov.sr/index.php?r=product%2Findex'),(256,95,11,28.00,'2026-05-13','public_product_list',110,'https://ez.gov.sr/index.php?r=product%2Findex');
/*!40000 ALTER TABLE `prices` ENABLE KEYS */;
UNLOCK TABLES;
DROP TABLE IF EXISTS `product_variants`;
/*!40101 SET @saved_cs_client     = @@character_set_client */;
/*!50503 SET character_set_client = utf8mb4 */;
CREATE TABLE `product_variants` (
  `variant_id` int NOT NULL AUTO_INCREMENT,
  `product_id` int NOT NULL,
  `brand` varchar(50) DEFAULT NULL,
  `weight` decimal(5,2) DEFAULT NULL,
  `unit` varchar(20) DEFAULT NULL,
  `package_label` varchar(120) DEFAULT NULL,
  PRIMARY KEY (`variant_id`),
  KEY `product_id` (`product_id`),
  CONSTRAINT `product_variants_ibfk_1` FOREIGN KEY (`product_id`) REFERENCES `products` (`product_id`)
) ENGINE=InnoDB AUTO_INCREMENT=143 DEFAULT CHARSET=utf8mb4 COLLATE=utf8mb4_0900_ai_ci;
/*!40101 SET character_set_client = @saved_cs_client */;

LOCK TABLES `product_variants` WRITE;
/*!40000 ALTER TABLE `product_variants` DISABLE KEYS */;
INSERT INTO `product_variants` (`variant_id`, `product_id`, `brand`, `weight`, `unit`, `package_label`) VALUES (1,1,'Geen merk',1.00,'kg',NULL),(2,2,'Bruine Suiker',1.00,'kg',NULL),(7,5,'Soya',1.00,'liter',NULL),(13,8,'Ini-Dia',4.50,'kg',NULL),(14,8,'Ini-Dia',9.00,'kg',NULL),(84,15,'Annabel',1.00,'pot','per pot @ 720ml'),(85,16,'Coroos (in tomatensaus)',1.00,'blik','per blik @ 850ml'),(86,17,'Geen merk',1.00,'kg','Per kg'),(87,18,'Geen merk',1.00,'kg','Per kg'),(88,19,'Geen merk',1.00,'kg','Per kg'),(89,20,'excellence',1.00,'blik','per blik @ 155 gr'),(90,20,'excellence',1.00,'blik','per blik @ 425gr'),(91,21,'Nixe',1.00,'blik','per blik @ 125 gr'),(92,22,'Breakfast',1.00,'pak','per pak @ 20 zakjes @2 gr'),(93,23,'Jumbo Sinaasappel',1.00,'pak','per pak @ 20 zakjes'),(94,24,'Geen merk',1.00,'kg','Per kg'),(95,25,'Geen merk',1.00,'kg','per kg'),(96,27,'Bonlife',1.00,'fles','per fles @ 800 ml'),(97,27,'Bonlife',1.00,'fles','per fles @ 700 ml'),(98,28,'VIP',1.00,'fles','per fles @ 900 ml'),(99,29,'Kernel',1.00,'fles','per fles @ 900 ml'),(100,30,'Le Blanc',1.00,'fles','per fles @ 850 ml'),(101,31,'Elburg',1.00,'fles','per fles @ 850 ml'),(102,32,'Coroli',1.00,'fles','per fles @ 815 ml'),(103,33,'Oliya',1.00,'fles','per fles @ 900 ml'),(105,34,'Familiar',1.00,'fles','per fles @ 900 ml'),(106,35,'Oleina',1.00,'fles','per fles @ 900 ml'),(107,36,'Fryday\'s',1.00,'fles','per fles @ 900 ml'),(108,37,'Sunflower',1.00,'fles','per fles @ 870 ml'),(109,38,'Sor',1.00,'fles','per fles @ 825 ml'),(110,39,'Oilio',1.00,'fles','per fles @ 900 ml'),(111,40,'Manoli',1.00,'fles','per fles @ 700 ml'),(112,41,'Habibi',1.00,'fles','per fles @ 1 l'),(113,42,'Unoli',1.00,'fles','per fles @ 1 l'),(114,43,'Soya',1.00,'fles','per fles @ 900ml'),(115,44,'Primor',1.00,'fles','per fles @ 900ml'),(116,45,'Salad Special',1.00,'fles','per fles @ 900ml'),(118,42,'Unoli',1.00,'fles','per fles @ 900 ml'),(119,46,'VIP',1.00,'blik','per blik @ 425 gr'),(120,47,'VIP',1.00,'blik','per blik @ 125gr'),(121,48,'Aoil',1.00,'fles','per fles @ 850 ml'),(122,49,'Geen merk',1.00,'fles','per fles @ 1 l'),(123,50,'VIP',1.00,'blik','per blik @ 800 ml'),(124,51,'Siglo De Oro',1.00,'fles','per fles @ 900ml'),(125,52,'Geen merk',1.00,'fles','per fles @ 900 ml'),(126,53,'Yonca',1.00,'fles','per fles @ 750 ml'),(127,46,'VIP',1.00,'blik','per blik @ 155gr'),(128,54,'Elburg',1.00,'fles','per fles @ 1 l'),(129,55,'Cocamar',1.00,'fles','per fles @ 900 ml'),(130,56,'Zer',1.00,'fles','per fles @ 825 ml'),(131,57,'Oxxo',1.00,'fles','per fles @ 900 ml'),(132,58,'Golden Fields',1.00,'fles','per fles @ 900 ml'),(133,59,'Oxxo',1.00,'fles','per fles @ 900 ml'),(134,60,'Geen merk',1.00,'fles','per fles @ 850 ml'),(135,60,'Geen merk',1.00,'fles','per fles @ 1 l'),(136,61,'Pakmaya (instand dry yeast)',1.00,'pak','per pak @ 500 gr'),(137,62,'Kings Garden',1.00,'pak','per pak @ 20 zakjes'),(138,63,'Oleovita',1.00,'fles','per fles @880 ml'),(139,64,'Coroos',1.00,'blik','per blik @ 850 ml'),(140,1,'Geen merk',1.00,'kg','per kg'),(141,65,'Geen merk',1.00,'kg','Per kg'),(142,66,'Geen merk',1.00,'kg','Per kg');
/*!40000 ALTER TABLE `product_variants` ENABLE KEYS */;
UNLOCK TABLES;
DROP TABLE IF EXISTS `products`;
/*!40101 SET @saved_cs_client     = @@character_set_client */;
/*!50503 SET character_set_client = utf8mb4 */;
CREATE TABLE `products` (
  `product_id` int NOT NULL AUTO_INCREMENT,
  `product_name` varchar(100) NOT NULL,
  `category` varchar(50) DEFAULT NULL,
  `brand` varchar(50) DEFAULT NULL,
  `unit` varchar(30) DEFAULT NULL,
  `created_at` timestamp NULL DEFAULT CURRENT_TIMESTAMP,
  PRIMARY KEY (`product_id`)
) ENGINE=InnoDB AUTO_INCREMENT=67 DEFAULT CHARSET=utf8mb4 COLLATE=utf8mb4_0900_ai_ci;
/*!40101 SET character_set_client = @saved_cs_client */;

LOCK TABLES `products` WRITE;
/*!40000 ALTER TABLE `products` DISABLE KEYS */;
INSERT INTO `products` (`product_id`, `product_name`, `category`, `brand`, `unit`, `created_at`) VALUES (1,'Aardappelen','Voeding',NULL,NULL,'2026-05-02 01:43:36'),(2,'Suiker','Voeding',NULL,NULL,'2026-05-02 01:43:36'),(5,'Olie','Voeding',NULL,NULL,'2026-05-02 01:43:36'),(8,'Rijst','Voeding',NULL,NULL,'2026-05-02 01:43:36'),(15,'Bruine bonen: merk Annabel','Peulvruchten','Annabel','per pot @ 720ml','2026-05-02 03:33:33'),(16,'Witte bonen: merk Coroos (in tomatensaus)','Peulvruchten','Coroos (in tomatensaus)','per blik @ 850ml','2026-05-02 03:33:33'),(17,'Witte suiker','Basisproducten','Geen merk','Per kg','2026-05-02 03:33:33'),(18,'Gele erwten','Peulvruchten','Geen merk','Per kg','2026-05-02 03:33:33'),(19,'Groene erwten','Peulvruchten','Geen merk','Per kg','2026-05-02 03:33:33'),(20,'Sardien tomatensaus: merk excellence','Conserven','excellence','per blik @ 155 gr','2026-05-02 03:33:33'),(21,'Sardien in veg. olie: merk Nixe','Olie','Nixe','per blik @ 125 gr','2026-05-02 03:33:33'),(22,'Thee: merk Breakfast','Dranken','Breakfast','per pak @ 20 zakjes @2 gr','2026-05-02 03:33:33'),(23,'Thee: merk Jumbo Sinaasappel','Dranken','Jumbo Sinaasappel','per pak @ 20 zakjes','2026-05-02 03:33:33'),(24,'Uien (rood)','Groente','Geen merk','Per kg','2026-05-02 03:33:33'),(25,'Uien (geel)','Groente','Geen merk','Per kg','2026-05-02 03:33:33'),(27,'Zonnebloem olie: merk Bonlife','Olie','Bonlife','per fles @ 800 ml','2026-05-02 03:33:33'),(28,'Zonnebloem olie: merk VIP','Olie','VIP','per fles @ 900 ml','2026-05-02 03:33:33'),(29,'Zonnebloem olie: merk Kernel','Olie','Kernel','per fles @ 900 ml','2026-05-02 03:33:33'),(30,'Zonnebloem olie: merk Le Blanc','Olie','Le Blanc','per fles @ 850 ml','2026-05-02 03:33:33'),(31,'Zonnebloem olie: merk Elburg','Olie','Elburg','per fles @ 850 ml','2026-05-02 03:33:33'),(32,'Zonnebloem olie: merk Coroli','Olie','Coroli','per fles @ 815 ml','2026-05-02 03:33:33'),(33,'Zonnebloem olie: merk Oliya','Olie','Oliya','per fles @ 900 ml','2026-05-02 03:33:33'),(34,'Zonnebloem olie: merk Familiar','Olie','Familiar','per fles @ 900 ml','2026-05-02 03:33:33'),(35,'Zonnebloem olie: merk Oleina','Olie','Oleina','per fles @ 900 ml','2026-05-02 03:33:33'),(36,'Zonnebloem olie: merk Fryday\'s','Olie','Fryday\'s','per fles @ 900 ml','2026-05-02 03:33:33'),(37,'Zonnebloem olie: merk Sunflower','Olie','Sunflower','per fles @ 870 ml','2026-05-02 03:33:33'),(38,'Zonnebloem olie: merk Sor','Olie','Sor','per fles @ 825 ml','2026-05-02 03:33:33'),(39,'Zonnebloem olie: merk Oilio','Olie','Oilio','per fles @ 900 ml','2026-05-02 03:33:33'),(40,'Zonnebloem olie: merk Manoli','Olie','Manoli','per fles @ 700 ml','2026-05-02 03:33:33'),(41,'Soja olie: merk Habibi','Olie','Habibi','per fles @ 1 l','2026-05-02 03:33:33'),(42,'Soja olie: merk Unoli','Olie','Unoli','per fles @ 1 l','2026-05-02 03:33:33'),(43,'Soja olie: merk Soya','Olie','Soya','per fles @ 900ml','2026-05-02 03:33:33'),(44,'Soja olie: merk Primor','Olie','Primor','per fles @ 900ml','2026-05-02 03:33:33'),(45,'Soja olie: merk Salad Special','Olie','Salad Special','per fles @ 900ml','2026-05-02 03:33:33'),(46,'Sardien in tomatensaus: merk VIP','Conserven','VIP','per blik @ 425 gr','2026-05-02 03:33:33'),(47,'Sardien in veg. olie: merk VIP','Olie','VIP','per blik @ 125gr','2026-05-02 03:33:33'),(48,'Zonnebloem olie: merk Aoil','Olie','Aoil','per fles @ 850 ml','2026-05-02 03:33:33'),(49,'Zonnebloem olie: Klas','Olie','Geen merk','per fles @ 1 l','2026-05-02 03:33:33'),(50,'Bruine bonen: merk VIP','Peulvruchten','VIP','per blik @ 800 ml','2026-05-02 03:33:33'),(51,'Soja olie: merk Siglo De Oro','Olie','Siglo De Oro','per fles @ 900ml','2026-05-02 03:33:33'),(52,'Zonnebloem olie: Allnature\'s','Olie','Geen merk','per fles @ 900 ml','2026-05-02 03:33:33'),(53,'Zonnebloem olie: merk Yonca','Olie','Yonca','per fles @ 750 ml','2026-05-02 03:33:33'),(54,'Soja olie: merk Elburg','Olie','Elburg','per fles @ 1 l','2026-05-02 03:33:33'),(55,'Soja olie: merk Cocamar','Olie','Cocamar','per fles @ 900 ml','2026-05-02 03:33:33'),(56,'Zonnebloem olie: merk Zer','Olie','Zer','per fles @ 825 ml','2026-05-02 03:33:33'),(57,'Zonnebloemolie: merk Oxxo','Olie','Oxxo','per fles @ 900 ml','2026-05-02 03:33:33'),(58,'Soja olie: merk Golden Fields','Olie','Golden Fields','per fles @ 900 ml','2026-05-02 03:33:33'),(59,'Soja olie: merk Oxxo','Olie','Oxxo','per fles @ 900 ml','2026-05-02 03:33:33'),(60,'Zonnebloem olie: Shimmie','Olie','Geen merk','per fles @ 850 ml','2026-05-02 03:33:33'),(61,'Gist: merk Pakmaya (instand dry yeast)','Basisproducten','Pakmaya (instand dry yeast)','per pak @ 500 gr','2026-05-02 03:33:33'),(62,'Thee: merk Kings Garden','Dranken','Kings Garden','per pak @ 20 zakjes','2026-05-02 03:33:33'),(63,'zonnebloemolie: merk Oleovita','Olie','Oleovita','per fles @880 ml','2026-05-02 03:33:33'),(64,'Bruine bonen: merk Coroos','Peulvruchten','Coroos','per blik @ 850 ml','2026-05-02 03:33:33'),(65,'Knoflook','Groente','Geen merk','Per kg','2026-05-13 05:24:54'),(66,'Zout','Basisproducten','Geen merk','Per kg','2026-05-13 05:24:54');
/*!40000 ALTER TABLE `products` ENABLE KEYS */;
UNLOCK TABLES;
-- Eindgebruikers en admins.
DROP TABLE IF EXISTS `users`;
/*!40101 SET @saved_cs_client     = @@character_set_client */;
/*!50503 SET character_set_client = utf8mb4 */;
CREATE TABLE `users` (
  `user_id` int NOT NULL AUTO_INCREMENT,
  `username` varchar(100) NOT NULL,
  `password_hash` varchar(255) NOT NULL,
  `role` enum('user','admin') NOT NULL DEFAULT 'user',
  `created_at` timestamp NULL DEFAULT CURRENT_TIMESTAMP,
  PRIMARY KEY (`user_id`),
  UNIQUE KEY `username` (`username`)
) ENGINE=InnoDB DEFAULT CHARSET=utf8mb4 COLLATE=utf8mb4_0900_ai_ci;
/*!40101 SET character_set_client = @saved_cs_client */;

LOCK TABLES `users` WRITE;
/*!40000 ALTER TABLE `users` DISABLE KEYS */;
/*!40000 ALTER TABLE `users` ENABLE KEYS */;
UNLOCK TABLES;

-- Aankopen of bewaarde inkoopregistraties van gebruikers.
DROP TABLE IF EXISTS `purchases`;
/*!40101 SET @saved_cs_client     = @@character_set_client */;
/*!50503 SET character_set_client = utf8mb4 */;
CREATE TABLE `purchases` (
  `purchase_id` int NOT NULL AUTO_INCREMENT,
  `user_id` int NOT NULL,
  `product_id` int NOT NULL,
  `official_price_id` int DEFAULT NULL,
  `quantity` int NOT NULL DEFAULT '1',
  `price` decimal(10,2) NOT NULL,
  `total_amount` decimal(10,2) GENERATED ALWAYS AS ((`quantity` * `price`)) STORED,
  `purchase_date` timestamp NULL DEFAULT CURRENT_TIMESTAMP,
  `payment_method` enum('cash','card','transfer') DEFAULT 'cash',
  `status` enum('pending','completed','cancelled') DEFAULT 'pending',
  PRIMARY KEY (`purchase_id`),
  KEY `user_id` (`user_id`),
  KEY `product_id` (`product_id`),
  KEY `official_price_id` (`official_price_id`),
  CONSTRAINT `purchases_ibfk_1` FOREIGN KEY (`user_id`) REFERENCES `users` (`user_id`),
  CONSTRAINT `purchases_ibfk_2` FOREIGN KEY (`product_id`) REFERENCES `products` (`product_id`),
  CONSTRAINT `purchases_ibfk_3` FOREIGN KEY (`official_price_id`) REFERENCES `official_product_prices` (`official_price_id`)
) ENGINE=InnoDB DEFAULT CHARSET=utf8mb4 COLLATE=utf8mb4_0900_ai_ci;
/*!40101 SET character_set_client = @saved_cs_client */;

LOCK TABLES `purchases` WRITE;
/*!40000 ALTER TABLE `purchases` DISABLE KEYS */;
/*!40000 ALTER TABLE `purchases` ENABLE KEYS */;
UNLOCK TABLES;
DROP TABLE IF EXISTS `stores`;
/*!40101 SET @saved_cs_client     = @@character_set_client */;
/*!50503 SET character_set_client = utf8mb4 */;
CREATE TABLE `stores` (
  `store_id` int NOT NULL AUTO_INCREMENT,
  `store_name` varchar(100) NOT NULL,
  `location` varchar(100) DEFAULT NULL,
  `phone` varchar(30) DEFAULT NULL,
  PRIMARY KEY (`store_id`)
) ENGINE=InnoDB AUTO_INCREMENT=31 DEFAULT CHARSET=utf8mb4 COLLATE=utf8mb4_0900_ai_ci;
/*!40101 SET character_set_client = @saved_cs_client */;

LOCK TABLES `stores` WRITE;
/*!40000 ALTER TABLE `stores` DISABLE KEYS */;
INSERT INTO `stores` (`store_id`, `store_name`, `location`, `phone`) VALUES (1,'Kang-Xin','Nieuw-Amsterdam','0000000'),(2,'Lier-Fa','Meerzorg','0000000'),(3,'Fei-xang','Tamanredjo','0000000'),(5,'Simi Trading','Publieke productenlijst',NULL),(8,'Subisco International NV','Publieke productenlijst',NULL),(9,'NV Dam Import & Export','Publieke productenlijst',NULL),(10,'Combe markt','Publieke productenlijst',NULL),(11,'Best Food Supply NV','Publieke productenlijst',NULL),(12,'Carimega NV','Publieke productenlijst',NULL),(13,'B.Chotelal NV','Publieke productenlijst',NULL),(14,'B. Bisheshar NV','Publieke productenlijst',NULL),(15,'Sharen-Trading','Publieke productenlijst',NULL),(16,'B.Bisheshar NV','Publieke productenlijst',NULL),(17,'Simpex International NV','Publieke productenlijst',NULL),(18,'Prabo Inklaringen','Publieke productenlijst',NULL),(19,'Mini Stepper NV','Publieke productenlijst',NULL),(20,'MN International NV','Publieke productenlijst',NULL),(21,'B.Bisheshar','Publieke productenlijst',NULL),(22,'Saf Trade NV','Publieke productenlijst',NULL),(23,'NV Dam Import en Export','Publieke productenlijst',NULL),(24,'B. Chotelal NV','Publieke productenlijst',NULL),(25,'Sosar Express NV','Publieke productenlijst',NULL),(26,'HJ de Vries Engros NV','Publieke productenlijst',NULL),(27,'Gao Ming NV','Publieke productenlijst',NULL),(28,'Ziran Import','Publieke productenlijst',NULL),(29,'Avam Agencies NV','Publieke productenlijst',NULL),(30,'NV Dam','Publieke productenlijst',NULL);
/*!40000 ALTER TABLE `stores` ENABLE KEYS */;
UNLOCK TABLES;

/*!40103 SET TIME_ZONE=@OLD_TIME_ZONE */;

/*!40101 SET SQL_MODE=@OLD_SQL_MODE */;
/*!40014 SET FOREIGN_KEY_CHECKS=@OLD_FOREIGN_KEY_CHECKS */;
/*!40014 SET UNIQUE_CHECKS=@OLD_UNIQUE_CHECKS */;
/*!40101 SET CHARACTER_SET_CLIENT=@OLD_CHARACTER_SET_CLIENT */;
/*!40101 SET CHARACTER_SET_RESULTS=@OLD_CHARACTER_SET_RESULTS */;
/*!40101 SET COLLATION_CONNECTION=@OLD_COLLATION_CONNECTION */;
/*!40111 SET SQL_NOTES=@OLD_SQL_NOTES */;

